<?xml version="1.0" encoding="UTF-8"?>
<metadata modelVersion="1.1.0">
  <groupId>tess-two</groupId>
  <artifactId>tess-two</artifactId>
  <version>0.0.1-SNAPSHOT</version>
  <versioning>
    <snapshot>
      <localCopy>true</localCopy>
    </snapshot>
    <lastUpdated>20140228053244</lastUpdated>
    <snapshotVersions>
      <snapshotVersion>
        <extension>aar</extension>
        <value>0.0.1-SNAPSHOT</value>
        <updated>20140228053244</updated>
      </snapshotVersion>
      <snapshotVersion>
        <extension>pom</extension>
        <value>0.0.1-SNAPSHOT</value>
        <updated>20140228053244</updated>
      </snapshotVersion>
    </snapshotVersions>
  </versioning>
</metadata>
